matricula,nombre,grupo,u1,u2,u3,u4
22130100,Ana López Díaz,7A,64,72,80,61
22130101,Luis Hernández López,7B,78,61,76,66
22130102,María Vázquez Hernández,7A,72,77,72,87
22130103,Carlos Ruiz Ruiz,7B,70,70,68,51
22130104,Sofía González Cruz,7B,47,41,57,67
22130105,Jorge Díaz Pérez,7A,67,53,68,59
22130106,Valeria Martínez Díaz,7A,95,97,83,88
22130107,Diego Díaz Vázquez,7B,78,96,83,92
22130108,Fernanda Sánchez Pérez,7A,88,84,81,79
22130109,Miguel Flores Reyes,7B,58,49,56,55
22130110,Daniela Pérez Flores,7A,79,80,93,90
22130111,José Díaz Ruiz,7B,83,71,91,72
22130112,Camila Ruiz Reyes,7A,82,71,79,75
22130113,Alejandro López Hernández,7B,48,55,62,61
22130114,Paola Morales Gómez,7A,98,100,91,86
22130115,Ricardo Jiménez Hernández,7A,81,75,89,73
22130116,Andrea Morales Jiménez,7A,64,83,67,72
22130117,Emilio González Vázquez,7B,64,62,67,58
22130118,Ximena González López,7A,81,91,82,77
22130119,Raúl Jiménez Ruiz,7A,57,71,57,50
22130120,Mariana Díaz Gómez,7B,69,60,64,73
22130121,Héctor Hernández Reyes,7B,72,77,66,69
22130122,Lucía Morales Hernández,7A,82,82,73,85
22130123,Iván Flores Mendoza,7A,46,54,45,43
22130124,Regina Martínez Gómez,7A,40,58,44,57
22130125,Óscar González Ramírez,7B,67,46,59,52
22130126,Natalia Jiménez Reyes,7B,88,92,80,80
22130127,Samuel Flores Ramírez,7B,79,72,74,73
22130128,Renata Gómez González,7A,66,50,56,66
22130129,Tomás Ramírez Torres,7B,86,97,100,79
22130130,Karla Díaz Torres,7B,61,74,57,67
22130131,Arturo Rodríguez Sánchez,7B,69,75,75,74
22130132,Elena García García,7B,56,66,65,61
22130133,Pablo Gómez Reyes,7B,78,76,92,89
22130134,Brenda Jiménez Rodríguez,7B,62,67,63,67
22130135,Hugo García Jiménez,7B,65,69,69,76
22130136,Itzel Rodríguez Jiménez,7A,66,61,43,52
22130137,Mauricio Morales Reyes,7B,95,90,80,72
22130138,Diana García González,7B,63,45,45,44
22130139,Rodrigo Gómez González,7A,69,76,69,65
